Workbook

Sheet Sheet1
A1: App Name | B1: Question | C1: Explicit | D1: Vague | E1: Not specified | F1: score value
A2: Uber | B2: 1. Does the policy state how long user data is retained? | C2: TRUE | D2: FALSE | E2: FALSE | F2: =IF(C2, 2, IF(D2, 1, IF(E2, -1, 0))) -> 2
A3: Uber | B3: 2. Does the policy describe how users can request deletion of their data? | C3: TRUE | D3: FALSE | E3: FALSE | F3: =IF(C3, 2, IF(D3, 1, IF(E3, -1, 0))) -> 2
A4: Uber | B4: 3. Does the policy explain when data is deleted? | C4: TRUE | D4: FALSE | E4: FALSE | F4: =IF(C4, 2, IF(D4, 1, IF(E4, -1, 0))) -> 2
A5: Uber | B5: 4. Does the policy explain whether data is shared with third parties? | C5: TRUE | D5: FALSE | E5: FALSE | F5: =IF(C5, 2, IF(D5, 1, IF(E5, -1, 0))) -> 2
A6: Uber | B6: 5. Does the policy list which third parties or categories receive data? | C6: TRUE | D6: FALSE | E6: FALSE | F6: =IF(C6, 2, IF(D6, 1, IF(E6, -1, 0))) -> 2
A7: Uber | B7: 6. Does the policy explain the purpose of sharing data with third parties? | C7: TRUE | D7: FALSE | E7: FALSE | F7: =IF(C7, 2, IF(D7, 1, IF(E7, -1, 0))) -> 2
A8: Uber | B8: 7. Does the policy explain how user consent is obtained? | C8: FALSE | D8: TRUE | E8: FALSE | F8: =IF(C8, 2, IF(D8, 1, IF(E8, -1, 0))) -> 1
A9: Uber | B9: 8. Does the policy explain how users can withdraw consent? | C9: TRUE | D9: FALSE | E9: FALSE | F9: =IF(C9, 2, IF(D9, 1, IF(E9, -1, 0))) -> 2
A10: Uber | B10: 9. Does the policy describe user rights (access, deletion, opt-out)? | C10: TRUE | D10: FALSE | E10: FALSE | F10: =IF(C10, 2, IF(D10, 1, IF(E10, -1, 0))) -> 2
A12: Lyft | B12: 1. Does the policy state how long user data is retained? | C12: TRUE | D12: FALSE | E12: FALSE | F12: =IF(C12, 2, IF(D12, 1, IF(E12, -1, 0))) -> 2
A13: Lyft | B13: 2. Does the policy describe how users can request deletion of their data? | C13: TRUE | D13: FALSE | E13: FALSE | F13: =IF(C13, 2, IF(D13, 1, IF(E13, -1, 0))) -> 2
A14: Lyft | B14: 3. Does the policy explain when data is deleted? | C14: TRUE | D14: FALSE | E14: FALSE | F14: =IF(C14, 2, IF(D14, 1, IF(E14, -1, 0))) -> 2
... A50: waze | B50: 9. Does the policy describe user rights (access, deletion, opt-out)? | C50: TRUE | D50: FALSE | E50: FALSE | F50: =IF(C50, 2, IF(D50, 1, IF(E50, -1, 0))) -> 2
B52: 1. Does the policy state how long user data is retained? | C52: TRUE | D52: FALSE | E52: FALSE | F52: =IF(C52, 2, IF(D52, 1, IF(E52, -1, 0))) -> 2
A53: bixi | B53: 2. Does the policy describe how users can request deletion of their data? | C53: TRUE | D53: FALSE | E53: FALSE | F53: =IF(C53, 2, IF(D53, 1, IF(E53, -1, 0))) -> 2
A54: bixi | B54: 3. Does the policy explain when data is deleted? | C54: TRUE | D54: FALSE | E54: FALSE | F54: =IF(C54, 2, IF(D54, 1, IF(E54, -1, 0))) -> 2
A55: bixi | B55: 4. Does the policy explain whether data is shared with third parties? | C55: TRUE | D55: FALSE | E55: FALSE | F55: =IF(C55, 2, IF(D55, 1, IF(E55, -1, 0))) -> 2
A56: bixi | B56: 5. Does the policy list which third parties or categories receive data? | C56: TRUE | D56: FALSE | E56: FALSE | F56: =IF(C56, 2, IF(D56, 1, IF(E56, -1, 0))) -> 2
A57: bixi | B57: 6. Does the policy explain the purpose of sharing data with third parties? | C57: TRUE | D57: FALSE | E57: FALSE | F57: =IF(C57, 2, IF(D57, 1, IF(E57, -1, 0))) -> 2
A58: bixi | B58: 7. Does the policy explain how user consent is obtained? | C58: FALSE | D58: TRUE | E58: FALSE | F58: =IF(C58, 2, IF(D58, 1, IF(E58, -1, 0))) -> 1
A59: bixi | B59: 8. Does the policy explain how users can withdraw consent? | C59: FALSE | D59: TRUE | E59: FALSE | F59: =IF(C59, 2, IF(D59, 1, IF(E59, -1, 0))) -> 1
A60: bixi | B60: 9. Does the policy describe user rights (access, deletion, opt-out)? | C60: TRUE | D60: FALSE | E60: FALSE | F60: =IF(C60, 2, IF(D60, 1, IF(E60, -1, 0))) -> 2
A62: P$ Mobile Service | B62: 1. Does the policy state how long user data is retained? | C62: FALSE | D62: TRUE | E62: FALSE | F62: =IF(C62, 2, IF(D62, 1, IF(E62, -1, 0))) -> 1
A63: P$ Mobile Service | B63: 2. Does the policy describe how users can request deletion of their data? | C63: TRUE | D63: FALSE | E63: FALSE | F63: =IF(C63, 2, IF(D63, 1, IF(E63, -1, 0))) -> 2
A64: P$ Mobile Service | B64: 3. Does the policy explain when data is deleted? | C64: TRUE | D64: FALSE | E64: FALSE | F64: =IF(C64, 2, IF(D64, 1, IF(E64, -1, 0))) -> 2
A65: P$ Mobile Service | B65: 4. Does the policy explain whether data is shared with third parties? | C65: TRUE | D65: FALSE | E65: FALSE | F65: =IF(C65, 2, IF(D65, 1, IF(E65, -1, 0))) -> 2
... A120: Communauto | B120: 9. Does the policy describe user rights (access, deletion, opt-out)? | C120: TRUE | D120: FALSE | E120: FALSE | F120: =IF(C120, 2, IF(D120, 1, IF(E120, -1, 0))) -> 2

Sheet Sheet2
A1: App Name | B1: Data Retention Score | C1: Data Sharing Score | D1: User Consent Score | E1: Overall Score /18
A2: Uber | B2: =SUM(Sheet1!F2:F4) -> 6 | C2: =SUM(Sheet1!F5:F7) -> 6 | D2: =SUM(Sheet1!F8:F10) -> 5 | E2: =SUM(Sheet1!F2:F10) -> 17
A3: Lyft | B3: =SUM(Sheet1!F12:F14) -> 6 | C3: =SUM(Sheet1!F15:F17) -> 6 | D3: =SUM(Sheet1!F18:F20) -> 3 | E3: =SUM(Sheet1!F12:F20) -> 15
A4: Transit | B4: =SUM(Sheet1!F22:F24) -> 2 | C4: =SUM(Sheet1!F25:F27) -> 6 | D4: =SUM(Sheet1!F28:F30) -> 0 | E4: =SUM(Sheet1!F22:F30) -> 8
A5: Citymapper | B5: =SUM(Sheet1!F32:F34) -> 2 | C5: =SUM(Sheet1!F35:F37) -> 6 | D5: =SUM(Sheet1!F38:F40) -> 3 | E5: =SUM(Sheet1!F32:F40) -> 11
A6: Waze | B6: =SUM(Sheet1!F42:F44) -> 5 | C6: =SUM(Sheet1!F45:F47) -> -1 | D6: =SUM(Sheet1!F48:F50) -> 4 | E6: =SUM(Sheet1!F42:F50) -> 8
A7: bixi | B7: =SUM(Sheet1!F52:F54) -> 6 | C7: =SUM(Sheet1!F55:F57) -> 6 | D7: =SUM(Sheet1!F58:F60) -> 4 | E7: =SUM(Sheet1!F52:F60) -> 16
A8: P$ Mobile Service | B8: =SUM(Sheet1!F62:F64) -> 5 | C8: =SUM(Sheet1!F65:F67) -> 6 | D8: =SUM(Sheet1!F68:F70) -> 6 | E8: =SUM(Sheet1!F62:F70) -> 17
A9: inDrive | B9: =SUM(Sheet1!F72:F74) -> 6 | C9: =SUM(Sheet1!F75:F77) -> 6 | D9: =SUM(Sheet1!F78:F80) -> 6 | E9: =SUM(Sheet1!F72:F80) -> 18
A10: Moovit | B10: =SUM(Sheet1!F82:F84) -> 5 | C10: =SUM(Sheet1!F85:F87) -> 6 | D10: =SUM(Sheet1!F88:F90) -> 6 | E10: =SUM(Sheet1!F82:F90) -> 17
A11: Lime | B11: =SUM(Sheet1!F92:F94) -> 6 | C11: =SUM(Sheet1!F95:F97) -> 6 | D11: =SUM(Sheet1!F98:F100) -> 5 | E11: =SUM(Sheet1!F92:F100) -> 17
A12: Bird | B12: =SUM(Sheet1!F102:F104) -> 5 | C12: =SUM(Sheet1!F105:F107) -> 6 | D12: =SUM(Sheet1!F108:F110) -> 5 | E12: =SUM(Sheet1!F102:F110) -> 16
A13: Communauto | B13: =SUM(Sheet1!F112:F114) -> 6 | C13: =SUM(Sheet1!F115:F117) -> 6 | D13: =SUM(Sheet1!F118:F120) -> 2 | E13: =SUM(Sheet1!F112:F120) -> 14
